OBJECT_NAME,OBJECT_ID
SYNCOM 2 (A 26),1963-031A
SYNCOM 3,1964-047A
INTELSAT 1-F1,1965-028A
ATS 1,1966-110A
INTELSAT 2-F2,1967-001A
INTELSAT 2-F3,1967-026A
INTELSAT 2-F4,1967-094A
ATS 3,1967-111A
LES 6,1968-081D
OPS 0757 (TACSAT),1969-013A
ATS 5,1969-069A
SKYNET 1,1969-101A
INTELSAT 3-F6,1970-003A
"NATO 2A",1970-021A
INTELSAT 3-F7,1970-032A
"NATO 2B",1971-009A
OPS 9431 (DSCS 2-1),1971-095A
OPS 9432 (DSCS 2-2),1971-095B
INTELSAT 4-F3,1971-116A
INTELSAT 4-F4,1972-003A
OPS 1570,1972-010A
INTELSAT 4-F5,1972-041A
OPS 6063,1973-013A
ANIK A2 (TELESAT 2),1973-023A
OPS 6157,1973-040A
INTELSAT 4-F7,1973-058A
COSMOS 637,1974-017A
WESTAR 1,1974-022A
MOLNIYA 1-S,1974-060A
WESTAR 2,1974-075A
INTELSAT 4-F8,1974-093A
SKYNET 2B,1974-094A
SYMPHONIE 1,1974-101A
SMS 2,1975-011A
ANIK A3 (TELESAT-3),1975-038A
INTELSAT 4-F1,1975-042A
SYMPHONIE 2,1975-077A
INTELSAT 4A-F1,1975-091A
COSMOS 775,1975-097A
GOES 1 (SMS-C),1975-100A
SATCOM 1,1975-117A
OPS 3165,1975-118A
RADUGA 1,1975-123A
CTS,1976-004A
INTELSAT 4A-F2,1976-010A
MARISAT 1,1976-017A
LES 8,1976-023A
LES 9,1976-023B
"NATO 3A",1976-035A
COMSTAR 1,1976-042A
OPS 2112,1976-059A
PALAPA 1,1976-066A
COMSTAR 2,1976-073A
RADUGA 2,1976-092A
EKRAN 1,1976-107A
KIKU 2 (ETS 2),1977-014A
PALAPA 2,1977-018A
INTELSAT 4A-F4,1977-041A
GOES 2,1977-048A
HIMAWARI 1 (GMS 1),1977-065A
RADUGA 3,1977-071A
SIRIO,1977-080A
EKRAN 2,1977-092A
METEOSAT 1,1977-108A
INTELSAT 4A-F3,1978-002A
OPS 6391 (FLTSATCOM 1),1978-016A
INTELSAT 4A-F6,1978-035A
OPS 8790,1978-038A
YURI (BSE),1978-039A
OTS 2,1978-044A
GOES 3,1978-062A
COMSTAR 3,1978-068A
GEOS 2,1978-071A
RADUGA 4,1978-073A
ANIK B1 (TELESAT-4),1978-116A
EKRAN 3,1979-015A
RADUGA 5,1979-035A
GORIZONT 2,1979-062A
WESTAR 3,1979-072A
EKRAN 4,1979-087A
GORIZONT 3,1979-105A
OPS 6393 (FLTSATCOM 3),1980-004A
RADUGA 6,1980-016A
GOES 4,1980-074A
RADUGA 7,1980-081A
SBS 1,1980-091A
EKRAN 6,1980-104A
ESIAFI 1 (COMSTAR 4),1981-018A
RADUGA 8,1981-027A
GOES 5,1981-049A
APPLE,1981-057B
EKRAN 7,1981-061A
RADUGA 9,1981-069A
HIMAWARI 2 (GMS 2),1981-076A
SBS 2,1981-096A
RADUGA 10,1981-102A
SATCOM 3R,1981-114A
INTELSAT 503,1981-119A
SATCOM 4,1982-004A
EKRAN 8,1982-009A
WESTAR 4,1982-014A
INTELSAT 504,1982-017A
INSAT 1A,1982-031A
COSMOS 1366,1982-044A
WESTAR 5,1982-058A
ANIK D1 (TELESAT 6),1982-082A
EKRAN 9,1982-093A
GORIZONT 6,1982-103A
SATCOM C5,1982-105A
SBS 3,1982-110B
ANIK C3 (TELESAT-5),1982-110C
SAKURA 2A (CS-2A),1983-006A
RADUGA 12,1983-028A
SATCOM 1R,1983-030A
GOES 6,1983-041A
INTELSAT 506,1983-047A
"NAHUEL I2 (ANIK C2)",1983-059B
PALAPA B1,1983-059C
GALAXY 1,1983-065A
ARABSAT 1DR (TELSTAR 3A),1983-077A
INSAT 1B,1983-089B
SATCOM 2R,1983-094A
GALAXY 2,1983-098A
EKRAN 11,1983-100A
INTELSAT 507,1983-105A
YURI 2A (BS-2A),1984-005A
RADUGA 14,1984-016A
COSMOS 1540,1984-022A
COSMOS 1546,1984-031A
STTW-T2,1984-035A
GORIZONT 9,1984-041A
CHINASAT 5 (SPACENET 1),1984-049A
RADUGA 15,1984-063A
GORIZONT 10,1984-078A
HIMAWARI 3 (GMS 3),1984-080A
TELSTAR 302,1984-093D
GALAXY 3,1984-101A
SPACENET 2,1984-114A
GORIZONT 11,1985-007A
ARABSAT 1A,1985-015A
BRAZILSAT 1,1985-015B
COSMOS 1629,1985-016A
"NAHUEL I1 (ANIK C1)",1985-028B
GSTAR 1,1985-035A
TELECOM 1B,1985-035B
MORELOS 1,1985-048B
ARABSAT 1B,1985-048C
TELSTAR 303,1985-048D
INTELSAT 511,1985-055A
RADUGA 16,1985-070A
OPTUS A1 (AUSSAT 1),1985-076B
ASC 1,1985-076C
INTELSAT 512,1985-087A
USA 11,1985-092B
COSMOS 1700,1985-102A
RADUGA 17,1985-107A
MORELOS 2,1985-109B
OPTUS A2 (AUSSAT 2),1985-109C
SATCOM K2,1985-109D
SATCOM K1,1986-003B
STTW-1,1986-010A
BS-2B (YURI 2B),1986-016A
GSTAR 2,1986-026A
BRAZILSAT 2,1986-026B
COSMOS 1738,1986-027A
GORIZONT 12,1986-044A
GOES 7,1987-022A
AGILA 1 (PALAPA B2P),1987-029A
KIKU 5 (ETS 5),1987-070A
COSMOS 1888,1987-084A
COSMOS 1894,1987-091A
COSMOS 1897,1987-096A
RADUGA 21,1987-100A
STTW-2,1988-014A
SPACENET 3R,1988-018A
COSMOS 1940,1988-034A
PAS 1,1988-051C
INSAT 1C,1988-063A
COSMOS 1961,1988-066A
GORIZONT 16,1988-071A
GSTAR 3,1988-081A
SBS 5,1988-081B
CS 3B,1988-086A
TDRS 3,1988-091B
RADUGA 22,1988-095A
TDF 1,1988-098A
SKYNET 4B,1988-109A
STTW-3,1988-111A
GORIZONT 17,1989-004A
INTELSAT 515,1989-006A
JCSAT 1,1989-020A
TELE-X,1989-027A
RADUGA 23,1989-030A
SUPERBIRD A,1989-041A
DFS 1,1989-041B
GORIZONT 18,1989-052A
TVSAT 2,1989-062A
SIRIUS W (MARCOPOLO 1),1989-067A
USA 44,1989-069B
FLTSATCOM 8 (USA 46),1989-077A
GORIZONT 19,1989-081A
INTELSAT 602,1989-087A
RADUGA 24,1989-098A
COSMOS 2054,1989-101A
LEASAT 5,1990-002B
STTW-4,1990-011A
RADUGA 25,1990-016A
INTELSAT 603,1990-021A
ASIASAT 1,1990-030A
NEWSAT-1 (PALAPA B2R),1990-034A
INSAT 1D,1990-051A
GORIZONT 20,1990-054A
COSMOS 2085,1990-061A
DFS 2,1990-063B
THOR 1 (MARCOPOLO 2),1990-074A
SKYNET 4C,1990-079A
EUTE 2-F1,1990-079B
GALAXY 6,1990-091B
GORIZONT 21,1990-094A
SATCOM C1,1990-100A
GSTAR 4,1990-100B
GORIZONT 22,1990-102A
RADUGA 26,1990-112A
RADUGA 1-2,1990-116A
ITALSAT 1,1991-003A
COSMOS 2133,1991-010A
RADUGA 27,1991-014A
ANIK E2,1991-026A
SPACENET 4 (ASC 2),1991-028A
AURORA 2,1991-037A
TDRS 5,1991-054B
INTELSAT 605,1991-055A
COSMOS 2155,1991-064A
ANIK E1,1991-067A
INTELSAT 601,1991-075A
COSMOS 2172,1991-079A
EUTE 2-F3,1991-083A
USA 75,1991-080B
RADUGA 28,1991-087A
USA 78,1992-006A
SUPERBIRD B1,1992-010A
GALAXY 5,1992-013A
GORIZONT 25,1992-017A
TELECOM 2B,1992-021A
PALAPA B4,1992-027A
INSAT 2A,1992-041A
EUTE 2-F4,1992-041B
GORIZONT 26,1992-043A
OPTUS B1 (AUSSAT B1),1992-054A
SATCOM C4,1992-057A
COSMOS 2209,1992-059A
HISPASAT 1A,1992-060A
HELLAS-SAT 1 (DFS 3),1992-066A
GALAXY 7,1992-072A
EKRAN 20,1992-074A
GORIZONT 27,1992-082A
SUPERBIRD A1,1992-084A
COSMOS 2224,1992-088A
TDRS 6,1993-003B
RADUGA 29,1993-013A
UFO 1 (USA 98),1993-015A
HGS 4 (GALAXY 4),1993-039A
USA 93,1993-046A
HISPASAT 1B,1993-048A
INSAT 2B,1993-048B
UFO 2 (USA 95),1993-056A
ACTS,1993-058B
RADUGA 30,1993-062A
INTELSAT 701,1993-066A
GORIZONT 28,1993-069A
GORIZONT 29,1993-072A
SOLIDARIDAD 1,1993-073A
TELSTAR 401,1993-077A
THAICOM 1,1993-078B
GALS 1,1994-002A
RADUGA 1-3,1994-008A
USA 99,1994-009A
RADUGA 31,1994-012A
GALAXY 1R,1994-013A
GORIZONT 30,1994-030A
UFO 3 (USA 104),1994-035A
COSMOS 2282,1994-038A
INTELSAT 2 (PAS 2),1994-040A
BS-3N,1994-040B
APSTAR 1,1994-043A
BRAZILSAT B1,1994-049A
TURKSAT 1B,1994-049B
COSMOS 2291,1994-060A
NSS 703 (INTELSAT 703),1994-064A
THAICOM 2,1994-065B
EXPRESS 1,1994-067A
ELEKTRO (GOMS),1994-069A
DFH-3 1,1994-080A
LUCH,1994-082A
USA 107,1994-084A
RADUGA 32,1994-087A
INTELSAT 704,1995-001A
UFO 4 (USA 108),1995-003A
HIMAWARI 5 (GMS 5),1995-011B
BRAZILSAT B2,1995-016A
HOT BIRD 1,1995-016B
AMSC 1,1995-019A
INTELSAT 706,1995-023A
DIRECTV 3 (DBS/NIMIQ 3),1995-029A
TDRS 7,1995-035B
USA 113,1995-038A
KOREASAT 1,1995-041A
JCSAT 3,1995-043A
NSTAR A,1995-044A
COSMOS 2319,1995-045A
TELSTAR 4 (TELSTAR 402R),1995-049A
LUCH 1,1995-054A
USA 115,1995-060A
GALS 2,1995-063A
AMOS 5I (ASIASAT 2),1995-064A
INSAT 2C,1995-067B
GALAXY 3R,1995-069A
INTELSAT 3R (PAS 3R),1996-002A
AFRICASAT 1 (MEASAT 1),1996-002B
ABS 1A (KOREASAT 2),1996-003A
GORIZONT 31,1996-005A
PAKSAT 1 (ANATOLIA 1),1996-006A
NSTAR B,1996-007A
INMARSAT 3-F1,1996-020A
ASTRA 1F,1996-021A
PALAPA C2,1996-030A
GALAXY 9,1996-033A
GORIZONT 32,1996-034A
INTELSAT 709,1996-035A
APSTAR 1A,1996-039A
ARABSAT 2A,1996-040A
TURKSAT 1C,1996-040B
UFO 7 (USA 127),1996-042A
ITALSAT 2,1996-044A
INMARSAT 3-F2,1996-053A
ECHOSTAR 2,1996-055A
AMC-1 (GE-1),1996-054A
EXPRESS 2,1996-058A
ARABSAT 2B,1996-063A
MEASAT 2,1996-063B
INMARSAT 3-F3,1996-070A
AMC-2 (GE-2),1997-002A
"NAHUEL 1A",1997-002B
USA 130,1997-008A
DIRECTV 6 (TEMPO 2),1997-011A
BSAT-1A,1997-016B
GOES 10,1997-019A
DFH-3 2,1997-021A
GALAXY 25 (TELSTAR 5),1997-026A
INMARSAT 3-F4,1997-027A
SUPERBIRD C,1997-036A
ABS 3 (AGILA 2),1997-042A
INTELSAT 5 (PAS 5),1997-046A
AMC-3 (GE-3),1997-050A
NSS 5 (INTELSAT 803),1997-053A
APSTAR 2R (TELSTAR 10),1997-062A
USA 134,1997-065A
KUPON,1997-070A
SIRIUS 2 (GE-1E),1997-071A
INDOSTAR 1,1997-071B
ASTRA 1G,1997-076A
GALAXY 8,1997-078A
INTELSAT 804,1997-083A
HGS 1 (ASIASAT 3),1997-086A
SKYNET 4D,1998-002A
BRAZILSAT B3,1998-006A
INMARSAT 3-F5,1998-006B
NSS 806 (INTELSAT 806),1998-014A
UFO 8 (USA 138),1998-016A
BSAT-1B,1998-024B
COSMOS 2350,1998-025A
INTELSAT 805,1998-037A
CHINASAT 5B (SINOSAT 1),1998-044A
ASTRA 2A,1998-050A
EUTE W2,1998-056A
SIRIUS 3,1998-056B
AFRISTAR,1998-063A
AMC-5 (GE-5),1998-063B
BONUM 1,1998-068A
INTELSAT 6B (PAS 6B),1998-075A
ARABSAT 3A,1999-009A
SKYNET 4E,1999-009B
RADUGA 1-4,1999-010A
INSAT 2E (APR-1),1999-016A
TELKOM 1,1999-042A
ABS 7 (KOREASAT 3),1999-046A
YAMAL 101,1999-047A
YAMAL 102,1999-047B
GALAXY 27 (TELSTAR 7),1999-052A
ABS 6 (LMI 1),1999-053A
AMC-4 (GE-4),1999-060A
UFO 10 (USA 146),1999-063A
GALAXY 11,1999-071A
USA 148,2000-001A
GALAXY 10R,2000-002A
HISPASAT 1C,2000-007A
GARUDA 1,2000-011A
ASIASTAR,2000-016A
INSAT 3B,2000-016B
GALAXY 4R,2000-020A
GOES 11,2000-022A
USA 149,2000-024A
GORIZONT 33,2000-029A
FENGYUN 2B,2000-032A
TDRS 8,2000-034A
COSMOS 2371,2000-036A
INTELSAT 9 (PAS 9),2000-043A
BRAZILSAT B4,2000-046A
RADUGA 1-5,2000-049A
AMC-7 (GE-7),2000-054B
NSS 11 (AAP-1),2000-059A
NSAT 110,2000-060A
USA 153,2000-065A
AMC-6 (GE-6),2000-067A
INTELSAT 12 (PAS 12),2000-068A
INTELSAT 1R (PAS 1R),2000-072A
ANIK F1,2000-076A
ASTRA 2D,2000-081A
AMC-8 (GE-8),2000-081B
CHINASAT 31 (BEIDOU 1B),2000-082A
SKYNET 4F,2001-005B
USA 157,2001-009A
EUTE 28A (EB 1),2001-011A
BSAT-2A,2001-011B
XM-2,2001-012A
EKRAN 21,2001-014A
XM-1,2001-018A
INTELSAT 10 (PAS 10),2001-019A
INTELSAT 901,2001-024A
ASTRA 2C,2001-025A
ARTEMIS,2001-029A
GOES 12,2001-031A
USA 159,2001-033A
COSMOS 2379,2001-037A
INTELSAT 902,2001-039A
DIRECTV 4S,2001-052A
USA 164,2002-001A
INSAT 3C,2002-002A
ECHOSTAR 7,2002-006A
INTELSAT 904,2002-007A
TDRS 9,2002-011A
JCSAT 2A,2002-015A
ASTRA 3A,2002-015B
INTELSAT 903,2002-016A
NSS 7,2002-019A
DIRECTV 5 (TEMPO 1),2002-023A
INTELSAT 905,2002-027A
EXPRESS 4A,2002-029A
GALAXY 3C,2002-030A
EUTE 5 WEST A (STELLAT5),2002-035A
EUTE 8 WEST C (HB 6),2002-038A
INTELSAT 906,2002-041A
DRTS,2002-042B
EUTE 25C (EUTE W5),2002-051A
TDRS 10,2002-055A
NSS 6,2002-057A
NIMIQ 2,2002-062A
INTELSAT 907,2003-007A
USA 167,2003-008A
USA 169,2003-012A
INSAT 3A,2003-013A
GALAXY 12,2003-013B
ASIASAT 4,2003-014A
COSMOS 2397,2003-015A
GSAT 2,2003-018A
HELLAS-SAT 2,2003-020A
BD 1 03,2003-021A
AMC-9 (GE-12),2003-024A
THURAYA 2,2003-026A
BSAT-2C,2003-028A
OPTUS C1,2003-028B
GALAXY 23 (TELSTAR 13),2003-034A
USA 170,2003-040A
INSAT 3E,2003-043E
HORIZONS 1 (GALAXY 13),2003-044A
CHINASAT 20,2003-052A
YAMAL 202,2003-053A
YAMAL 201,2003-053B
UFO 11 (USA 174),2003-057A
AMOS 2,2003-059A
SESAT 2 (EXPRESS AM-22),2003-060A
AMC-10 (GE-10),2004-003A
USA 176,2004-004A
MBSAT,2004-007A
EUTE 7A (EUTE W3A),2004-008A
RADUGA 1-7,2004-010A
SUPERBIRD 6,2004-011A
EXPRESS AM-11,2004-015A
AMC-11 (GE-11),2004-017A
INTELSAT 1002,2004-022A
APSTAR 5 (TELSTAR 18),2004-024A
ANIK F2,2004-027A
GSAT 3 (EDUSAT),2004-036A
AMC-15,2004-041A
EXPRESS AM-1,2004-043A
AMC-16,2004-048A
NSS 10 (AMC-12),2005-003A
XTAR-EUR,2005-005A
XM-3,2005-008A
INMARSAT 4-F1,2005-009A
EXPRESS AM-2,2005-010A
DIRECTV 8,2005-019A
GALAXY 28 (IA 8),2005-022A
EXPRESS AM-3,2005-023A
IPSTAR 1,2005-028A
GALAXY 14,2005-030A
ANIK F1-R,2005-036A
GALAXY 15,2005-041A
SYRACUSE 3A,2005-041B
INMARSAT 4-F2,2005-044A
TELKOM 2,2005-046A
SPACEWAY 2,2005-046B
INSAT 4A,2005-049A
METEOSAT 9 (MSG 2),2005-049B
EUTE 172A (GE 23),2005-052A
ECHOSTAR 10,2006-003A
HIMAWARI 7,2006-004A
SPAINSAT,2006-007A
EUTELSAT HOTBIRD 13E,2006-007B
JCSAT 9,2006-010A
ASTRA 1KR,2006-012A
GOES 13,2006-018A
EUTE 113 WEST A(SATMEX 6,2006-020A
THAICOM 5,2006-020B
KAZSAT 1,2006-022A
GALAXY 16,2006-023A
EUTE HOT BIRD 13B (HB 8),2006-032A
JCSAT 10,2006-033A
SYRACUSE 3B,2006-033B
KOREASAT 5,2006-034A
CHINASAT 22A,2006-038A
DIRECTV 9S,2006-043A
OPTUS D1,2006-043B
XM-4,2006-049A
ARABSAT 4B,2006-051A
WILDBLUE 1,2006-054A
AMC-18,2006-054B
MEASAT 3,2006-056A
ETS 8,2006-059A
BEIDOU 1D,2007-003A
INSAT 4B,2007-007A
SKYNET 5A,2007-007B
ANIK F3,2007-009A
ASTRA 1L,2007-016A
GALAXY 17,2007-016B
NIGCOMSAT 1,2007-018A
CHINASAT 6B,2007-031A
DIRECTV 10,2007-032A
SPACEWAY 3,2007-036A
BSAT-3A,2007-036B
INSAT 4CR,2007-037A
OPTUS D2,2007-044A
INTELSAT 11 (PAS 11),2007-044B
WGS F1 (USA 195),2007-046A
STAR ONE C1,2007-056A
SKYNET 5B,2007-056B
ASTRA 4A (SIRIUS 4),2007-057A
RADUGA 1M-1,2007-058A
RASCOM 1,2007-063A
HORIZONS 2,2007-063B
THURAYA 3,2008-001A
EXPRESS AM-33,2008-003A
THOR 5,2008-006A
WINDS (KIZUNA),2008-007A
AMC-14,2008-011A
DIRECTV 11,2008-013A
ICO G-1,2008-016A
VINASAT 1,2008-018A
STAR ONE C2,2008-018B
AMOS 3,2008-022A
GALAXY 18,2008-024A
CHINASAT 9,2008-028A
SKYNET 5C,2008-030A
TURKSAT 3A,2008-030B
COSMOS 2440,2008-033A
INTELSAT 25(PROTOSTAR 1),2008-034A
BADR 6,2008-034B
ECHOSTAR 11,2008-035A
SUPERBIRD 7,2008-038A
AMC-21,2008-038B
INMARSAT 4-F3,2008-039A
NIMIQ 4,2008-044A
GALAXY 19,2008-045A
VENESAT-1,2008-055A
ASTRA 1M,2008-057A
CIEL-2,2008-063A
EUTE HOT BIRD 13C (HB 9),2008-065A
EUTE 28B (EUTE W2M),2008-065B
FENGYUN 2E,2008-066A
EXPRESS AM-44,2009-007A
EXPRESS MD1,2009-007B
NSS 9,2009-008A
EUTE 33E,2009-008B
TELSTAR 11N,2009-009A
RADUGA 1-8,2009-010A
EUTE 10A (EUTE W2A),2009-016A
WGS F2 (USA 204),2009-017A
SES 7 (PROTOSTAR 2),2009-027A
MEASAT 3A,2009-032A
GOES 14,2009-033A
SIRIUS FM-5,2009-034A
TERRESTAR 1,2009-035A
ASIASAT 5,2009-042A
JCSAT 12,2009-044A
OPTUS D3,2009-044B
NIMIQ 5,2009-050A
AMAZONAS 2,2009-054A
COMSATBW-1,2009-054B
NSS 12,2009-058A
THOR 6,2009-058B
INTELSAT 14,2009-064A
EUTE 36B (EUTE W7),2009-065A
INTELSAT 15,2009-067A
WGS F3 (USA 211),2009-068A
DIRECTV 12,2009-075A
BEIDOU 3,2010-001A
RADUGA 1M-2,2010-002A
SDO,2010-005A
INTELSAT 16,2010-006A
GOES 15,2010-008A
ECHOSTAR 14,2010-010A
SES 1,2010-016A
ASTRA 3B,2010-021A
COMSATBW-2,2010-021B
BEIDOU 4,2010-024A
BADR-5 (ARABSAT 5B),2010-025A
COMS 1,2010-032A
ARABSAT 5A,2010-032B
ECHOSTAR 15,2010-034A
BEIDOU 5,2010-036A
NILESAT 201,2010-037A
RASCOM QAF 1R,2010-037B
AEHF 1 (USA 214),2010-039A
CHINASAT 6A,2010-042A
XM-5,2010-053A
BSAT-3B,2010-056B
BEIDOU 6,2010-057A
SKYTERRA 1,2010-061A
CHINASAT 20A,2010-064A
INTELSAT 17,2010-065B
BEIDOU 7,2010-068A
EUTE KA SAT 9A (KA SAT),2010-069A
HISPASAT 30W-5,2010-070A
KOREASAT 6,2010-070B
ELEKTRO-L,2011-001A
BEIDOU 8,2011-013A
INTELSAT NEW DAWN,2011-016A
YAHSAT 1A,2011-016B
SBIRS GEO 1 (USA 230),2011-019A
TELSTAR 14R,2011-021A
GSAT 8,2011-022A
ST 2,2011-022B
CHINASAT 10,2011-026A
TIANLIAN 1-02,2011-032A
GSAT 12,2011-034A
SES 3,2011-035A
KAZSAT 2,2011-035B
BEIDOU 9,2011-038A
ASTRA 1N,2011-041A
BSAT-3C,2011-041B
PAKSAT 1R,2011-042A
CHINASAT 1A,2011-047A
COSMOS 2473,2011-048A
SES 2,2011-049A
ARABSAT 5C,2011-049B
EUTE 7 WEST A (AB 7),2011-051A
QUETZSAT 1,2011-054A
INTELSAT 18,2011-056A
EUTE 16A (EUTE W3C),2011-057A
VIASAT 1,2011-059A
ASIASAT 7,2011-069A
BEIDOU 10,2011-073A
AMOS 5,2011-074A
LUCH 5A,2011-074B
NIGCOMSAT 1R,2011-077A
FENGYUN 2F,2012-002A
WGS F4 (USA 233),2012-003A
SES 4,2012-007A
BEIDOU 11,2012-008A
MUOS 1,2012-009A
INTELSAT 22,2012-011A
COSMOS 2479,2012-012A
APSTAR 7,2012-013A
YAHSAT 1B,2012-016A
AEHF 2 (USA 235),2012-019A
JCSAT 13,2012-023A
VINASAT 2,2012-023B
NIMIQ 6,2012-026A
CHINASAT 2A,2012-028A
INTELSAT 19,2012-030A
ECHOSTAR 17,2012-035A
METEOSAT 10 (MSG 3),2012-035B
SES 5,2012-036A
TIANLIAN 1-03,2012-040A
INTELSAT 20,2012-043A
HYLAS 2,2012-043B
INTELSAT 21,2012-045A
ASTRA 2F,2012-051A
GSAT 10,2012-051B
INTELSAT 23,2012-057A
BEIDOU 16,2012-059A
LUCH 5B,2012-061A
YAMAL 300K,2012-061B
STARONE C3,2012-062A
EUTE 21B,2012-062B
ECHOSTAR 16,2012-065A
CHINASAT 12,2012-067A
EUTE 70B,2012-069A
YAMAL 402,2012-070A
SKYNET 5D,2012-075A
MEXSAT 3,2012-075B
TDRS 11,2013-004A
AMAZONAS 3,2013-006A
AZERSPACE 1,2013-006B
SBIRS GEO 2 (USA 241),2013-011A
EUTE 117 WEST A(SATMEX 8,2013-012A
ANIK G1,2013-014A
CHINASAT 11,2013-020A
EUTE 7B (EUTE 3D),2013-022A
WGS 5 (USA 243),2013-024A
SES 6,2013-026A
IRNSS R1A,2013-034A
MUOS 2,2013-036A
ALPHASAT (I-4A F4),2013-038A
INSAT 3D,2013-038B
WGS 6 (USA 244),2013-041A
ES'HAIL 1,2013-044A
GSAT 7,2013-044B
AMOS 4,2013-045A
AEHF 3 (USA 246),2013-050A
ASTRA 2E,2013-056A
SIRIUS FM-6,2013-058A
RADUGA 1M-3,2013-062A
SES 8,2013-071A
INMARSAT 5-F1,2013-073A
TKSAT 1,2013-075A
EXPRESS AM-5,2013-077A
GSAT 14,2014-001A
THAICOM 6,2014-002A
TDRS 12,2014-004A
ABS 2,2014-006A
ATHENA-FIDUS,2014-006B
TURKSAT 4A,2014-007A
EXPRESS AT1,2014-010A
EXPRESS AT2,2014-010B
AMAZONAS 4A,2014-011A
ASTRA 5B,2014-011B
IRNSS 1B,2014-017A
LUCH 5V,2014-023A
KAZSAT 3,2014-023B
EUTE 3B,2014-030A
USA 254,2014-043B
ASIASAT 8,2014-046A
ASIASAT 6,2014-052A
OPTUS 10,2014-054A
MEASAT 3B,2014-054B
LUCH (OLYMP),2014-058A
HIMAWARI 8,2014-060A
IRNSS 1C,2014-061A
INTELSAT 30,2014-062A
ARSAT 1,2014-062B
EXPRESS AM-6,2014-064A
GSAT 16,2014-078A
DIRECTV 14,2014-078B
YAMAL 401,2014-082A
ASTRA 2G,2014-089A
FENGYUN 2G,2014-090A
MUOS 3,2015-002A
INMARSAT 5-F2,2015-005A
ABS 3A,2015-010A
EUTE 115 WEST B(SATMEX 7,2015-010B
EXPRESS AM-7,2015-012A
IRNSS 1D,2015-018A
BD-17,2015-019A
THOR 7,2015-022A
TURKMENALEM 52E/MONACOSA,2015-023A
DIRECTV 15,2015-026A
SKY MEXICO-1,2015-026B
METEOSAT 11 (MSG 4),2015-034A
STARONE C4,2015-034B
WGS 7 (USA 263),2015-036A
INTELSAT 34,2015-039A
EUTE 8 WEST B,2015-039B
GSAT 6,2015-041A
INMARSAT 5-F3,2015-042A
MUOS 4,2015-044A
TJS-1,2015-046A
EXPRESS AM-8,2015-048A
BD-20,2015-053A
SKY MUSTER,2015-054A
ARSAT 2,2015-054B
MORELOS 3,2015-056A
APSTAR 9,2015-059A
TURKSAT 4B,2015-060A
CHINASAT 2C,2015-063A
GSAT 15,2015-065A
BADR 7,2015-065B
LAOSAT 1,2015-067A
TELSTAR 12V,2015-068A
CHINASAT 1C,2015-073A
ELEKTRO-L 2,2015-074A
COSMOS 2513,2015-075A
EXPRESS AMU1,2015-082A
GAOFEN 4,2015-083A
BELINTERSAT 1,2016-001A
IRNSS-1E,2016-003A
INTELSAT 29E,2016-004A
EUTE 9B,2016-005A
SES 9,2016-013A
EUTE 65W,2016-014A
IRNSS 1F,2016-015A
BEIDOU IGSO-6,2016-021A
IRNSS 1G,2016-027A
JCSAT 2B,2016-028A
THAICOM 8,2016-031A
INTELSAT 31,2016-035A
BD-2-G7,2016-037A
ABS 2A,2016-038A
EUTE 117W B,2016-038B
BRISAT,2016-039A
ECHOSTAR 18,2016-039B
TIANTONG-1 1,2016-048A
JCSAT 16,2016-050A
USA 270,2016-052A
USA 271,2016-052B
INTELSAT 36,2016-053A
INTELSAT 33E,2016-053B
INSAT 3DR,2016-054A
GSAT 18,2016-060A
SKY MUSTER 2,2016-060B
HIMAWARI 9,2016-064A
SJ-17,2016-065A
GOES 16,2016-071A
TIANLIAN 1-04,2016-072A
WGS 8 (USA 272),2016-075A
FENGYUN 4A,2016-077A
ECHOSTAR 19,2016-079A
JCSAT 15,2016-082A
STARONE D1,2016-082B
TJS-2,2017-001A
SBIRS GEO 4 (USA 273),2017-004A
HISPASAT 36W-1,2017-006A
TELKOM 3S,2017-007A
INTELSAT 32E,2017-007B
ECHOSTAR 23,2017-014A
WGS 9 (USA 275),2017-016A
SES 10,2017-017A
CHINASAT 16,2017-018A
KOREASAT 7,2017-023A
SGDC,2017-023B
GSAT 9,2017-024A
INMARSAT 5-F4,2017-025A
SES 15,2017-026A
VIASAT 2,2017-029A
EUTE 172B,2017-029B
GSAT 19,2017-031A
ECHOSTAR 21,2017-032A
CHINASAT 9A,2017-035A
BULGARIASAT-1,2017-038A
HELLAS-SAT 3,2017-040A
GSAT 17,2017-040B
INTELSAT 35E,2017-041A
COSMOS 2520,2017-046A
TDRS 13,2017-047A
QZS-3,2017-048A
AMAZONAS 5,2017-053A
ASIASAT 9,2017-057A
INTELSAT 37E,2017-059A
BSAT-4A,2017-059B
ECHOSTAR 105/SES 11,2017-063A
KOREASAT 5A,2017-067A
ALCOMSAT 1,2017-078A
ANGOSAT 1,2017-086A
SBIRS GEO 3 (USA 282),2018-009A
AL YAH 3,2018-012A
SES 14,2018-012B
GOES 17,2018-022A
HISPASAT 30W-6,2018-023A
SUPERBIRD 8,2018-033A
HYLAS 4,2018-033B
IRNSS 1I,2018-035A
USA 283,2018-036A
COSMOS 2526,2018-037A
APSTAR 6C,2018-041A
BANGABANDHUSAT-1,2018-044A
SES 12,2018-049A
FENGYUN 2H,2018-050A
BEIDOU IGSO-7,2018-057A
TELSTAR 19V,2018-059A
TELKOM-4,2018-064A
TELSTAR 18V,2018-069A
AZERSPACE 2/INTELSAT 38,2018-074A
HORIZONS 3E,2018-074B
AEHF 4 (USA 288),2018-079A
BEIDOU 3G1,2018-085A
GSAT 29,2018-089A
ES'HAIL 2,2018-090A
GEO-KOMPSAT-2A,2018-100A
GSAT 11,2018-100B
GSAT 7A,2018-105A
COSMOS 2533,2018-107A
TJS-3,2018-110A
CHINASAT 2D,2019-001A
SAUDIGEOSAT1/HELLASSAT4,2019-007A
GSAT 31,2019-007B
NUSANTARA SATU,2019-009A
S5,2019-009D
CHINASAT 6C,2019-012A
WGS 10 (USA 291),2019-014A
TIANLIAN 2-01,2019-017A
ARABSAT 6A,2019-021A
BEIDOU 3 IGSO-1,2019-023A
BEIDOU 2 G8,2019-027A
YAMAL 601,2019-031A
ATT T-16,2019-034A
EUTE 7C,2019-034B
BEIDOU 3 IGSO-2,2019-035A
COSMOS 2539,2019-048A
EDRS-C,2019-049A
INTELSAT 39,2019-049B
AMOS 17,2019-050A
AEHF 5 (USA 292),2019-051A
EUTE 5W B,2019-067A
MEV-1,2019-067B
TJS-4,2019-070A
BEIDOU 3 IGSO-3,2019-073A
TIBA-1,2019-080A
INMARSAT GX5,2019-080B
JCSAT 18,2019-091A
ELEKTRO-L 3,2019-095A
SJ-20,2019-097A
TJS-5,2020-002A
GSAT 30,2020-005A
EUTE KONNECT,2020-005B
JCSAT 17,2020-013A
GEO-KOMPSAT-2B,2020-013B
BEIDOU 3 G2,2020-017A
AEHF 6 (USA 298),2020-022B
BEIDOU 3 G3,2020-040A
APSTAR 6D,2020-045A
KOREASAT 116,2020-048A
EXPRESS 103,2020-053A
EXPRESS 80,2020-053B
BSAT-4B,2020-056A
MEV-2,2020-056B
GALAXY 30,2020-056C
GAOFEN 13,2020-071A
TIANTONG-1 2,2020-082A
LUCAS (JDRS-1),2020-089A
XM-7,2020-096A
CMS-01,2020-099A
TURKSAT 5A,2021-001A
TIANTONG-1 3,2021-003A
TJS-6,2021-010A
SHIYAN 9 (SY-9),2021-019A
SBIRS GEO 5 (USA 315),2021-042A
FENGYUN 4B,2021-047A
XM-8,2021-049A
TIANLIAN 1-O5,2021-063A
STARONE D2,2021-069A
EUTELSAT QUANTUM,2021-069B
CHINASAT 2E,2021-071A
TJS-7,2021-077A
CHINASAT 9B,2021-080A
SES 17,2021-095A
SYRACUSE 4A,2021-095B
CHINASAT 1D,2021-114A
STPSAT-6,2021-118A
EXPRESS AMU-7,2021-123A
EXPRESS AMU-3,2021-123B
TIANLIAN 2-02,2021-124A
TURKSAT 5B,2021-126A
INMARSAT 6-F1,2021-128A
SHIYAN 12 01 (SY-12 01),2021-129A
SHIYAN 12 02 (SY-12 02),2021-129B
TJS-9,2021-135A
USA 324,2022-006A
USA 325,2022-006B
GOES 18,2022-021A
CHINASAT 6D,2022-038A
NILESAT 301,2022-061A
CMS-02,2022-067A
MEASAT 3D,2022-067B
SES-22,2022-071A
WFOV (USA 332),2022-073A
TIANLIAN-2 03,2022-078A
SBIRS-GEO 6 (USA 336),2022-092A
CHINASAT 1E,2022-112A
SES 20,2022-123A
SES 21,2022-123B
